ID,CPS,CPS.2009,IL.original,IL.2009,,,,
1,ADDAMS,ADDAMS,Addams Elem School,Addams Elem School,,,,
2,AGASSIZ,AGASSIZ,Agassiz Elem School,Agassiz Elem School,,,,
3,ALCOTT ES,ALCOTT,Alcott Elem School,Alcott Elem School,,,,
4,ALDRIDGE,ALDRIDGE,Aldridge Elem School,Aldridge Elem School,,,,
5,ARMOUR,ARMOUR,Armour Elem School,Armour Elem School,,,,
6,"ARMSTRONG, G",ARMSTRONG G,Armstrong G Elem IntL Studies,"Armstrong, G Elem Intl Studies",,,,
7,ASHE,ASHE,Ashe Elem School,Ashe Elem School,,,,
8,AUDUBON,AUDUBON,Audubon Elem School,Audubon Elem School,,,,
9,AVALON PARK,AVALON PARK,Avalon Park Elem School,Avalon Park Elem School,,,,
10,AZUELA,AZUELA,Azuela Elem School,Azuela Elem School,,,,
11,BARNARD,BARNARD,Barnard Elem Comp Math & Sci Ctr,Barnard Elem Comp Math & Sci Ctr,,,,
12,BARRY,BARRY,Barry Elem School,Barry Elem School,,,,
13,BARTON,BARTON,Barton Elem School,Barton Elem School,,,,
14,BASS,BASS,Bass Elem School,Bass Elem School,,,,
15,BATEMAN,BATEMAN,Bateman Elem School,Bateman Elem School,,,,
16,BEAUBIEN,BEAUBIEN,Beaubien Elem School,Beaubien Elem School,,,,
17,BEETHOVEN,BEETHOVEN,Beethoven Elem School,Beethoven Elem School,,,,
18,BEIDLER,BEIDLER,Beidler Elem School,Beidler Elem School,,,,
19,BELDING,BELDING,Belding Elem School,Belding Elem School,,,,
20,BELL,BELL,Bell Elem School,Bell Elem School,,,,
21,BENNETT,BENNETT,Bennett Elem School,Bennett Elem School,,,,
22,BLAINE,BLAINE,Blaine Elem School,Blaine Elem School,,,,
23,BOND,BOND,Bond Elem School,Bond Elem School,,,,
24,BOONE,BOONE,Boone Elem School,Boone Elem School,,,,
25,BOUCHET,BOUCHET ACADEMY,Bouchet Elem Math & Science Acad,Bouchet Elem Math & Science Acad,,,,
26,BRADWELL,BRADWELL,Bradwell Comm Arts & Sci Elem Sch,Bradwell Comm Arts & Sci Elem Sch,,,,
27,BRENNEMANN,BRENNEMANN,Brennemann Elem School,Brennemann Elem School,,,,
28,BRENTANO,BRENTANO,Brentano Elem Math & Science Acad,Brentano Elem Math & Science Acad,,,,
29,BRIDGE,BRIDGE REGULAR,Bridge Elem School,Bridge Elem School,,,,
30,BRIGHT,BRIGHT,Bright Elem School,Bright Elem School,,,,
31,BRIGHTON PARK,BRIGHTON PARK,Brighton Park Elem School,Brighton Park Elem School,,,,
32,"BROWN, R",BROWN,Brown R Elem Community Acad,"Brown, R Elem Community Acad",,,,
33,BROWNELL,BROWNELL,Brownell Elem School,Brownell Elem School,,,,
34,BRUNSON,BRUNSON,Brunson Math & Sci Specialty Elem,Brunson Math & Sci Specialty Elem,,,,
35,BUDLONG,BUDLONG,Budlong Elem School,Budlong Elem School,,,,
36,BURBANK,BURBANK,Burbank Elem School,Burbank Elem School,,,,
37,BURKE,BURKE,Burke Elem School,Burke Elem School,,,,
38,BURLEY,BURLEY,Burley Elem School,Burley Elem School,,,,
39,BURNHAM,BURNHAM,Burnham Elem Inclusive Academy,Burnham Elem Inclusive Academy,,,,
40,BURR,BURR,Burr Elem School,Burr Elem School,,,,
41,BURROUGHS,BURROUGHS,Burroughs Elem School,Burroughs Elem School,,,,
42,BYRNE,BYRNE,Byrne Elem School,Byrne Elem School,,,,
43,CALDWELL,CALDWELL,Caldwell Elem Acad of Math & Sci,Caldwell Elem Acad Of Math & Sci,,,,
44,CALMECA,CALMECA,Calmeca Acad Elem School,Calmeca Acad Elem School,,,,
45,CAMERON,CAMERON,Cameron Elem School,Cameron Elem School,,,,
46,CAMRAS,CAMRAS,Camras Elem School,Camras Elem School,,,,
47,CANTY,CANTY,Canty Elem School,Canty Elem School,,,,
48,CARDENAS,CARDENAS,Cardenas Elem School,Cardenas Elem School,,,,
49,CARNEGIE,CARNEGIE,Carnegie Elem School,Carnegie Elem School,,,,
50,CARROLL,CARROLL,Carroll Elem School,Carroll Elem School,,,,
51,CARSON,CARSON,Carson Elem School,Carson Elem School,,,,
52,CARTER,CARTER,Carter Elem School,Carter Elem School,,,,
53,"CARVER , G",CARVER ELEMENTARY,Carver Primary School,Carver Elementary School,,,,
54,CASALS,CASALS,Casals Elem School,Casals Elem School,,,,
55,CASSELL,CASSELL,Cassell Elem School,Cassell Elem School,,,,
56,CATHER,CATHER,Cather Elem School,Cather Elem School,,,,
57,CHALMERS,CHALMERS,Chalmers Elem Specialty School,Chalmers Elem Specialty School,,,,
58,CHAPPELL,CHAPPELL,Chappell Elem School,Chappell Elem School,,,,
59,CHASE,CHASE,Chase Elem School,Chase Elem School,,,,
60,CHAVEZ,CHAVEZ,Chavez Elem Multicultural Acad Ct,Chavez Elem Multicultural Acad Ct,,,,
61,CHOPIN,CHOPIN,Chopin Elem School,Chopin Elem School,,,,
62,"CLARK, G",CLARK,Clark G R Elem School,Clark G R Elem School,,,,
63,CLAY,CLAY,Clay Elem School,Clay Elem School,,,,
64,CLEVELAND,CLEVLAND,Cleveland Elem School,Cleveland Elem School,,,,
65,CLINTON,CLINTON,Clinton Elem School,Clinton Elem School,,,,
66,CLISSOLD,CLISSOLD,Clissold Elem School,Clissold Elem School,,,,
67,COLEMON,JOHNNIE COLEMON,Colemon J Elem Academy,"Colemon, J Elem Academy",,,,
68,COLES,COLES,Coles Elem Language Academy,Coles Elem Language Academy,,,,
69,COLUMBIA EXPLORERS,COLUMBIA EXPLORERS,Columbia Explorers Elem Academy,Columbia Explorers Elem Academy,,,,
70,COLUMBUS,COLUMBUS,Columbus Elem School,Columbus Elem School,,,,
71,COOK,COOK,Cook Elem School,Cook Elem School,,,,
72,COONLEY,COONLEY,Coonley Elem School,Coonley Elem School,,,,
73,COOPER,COOPER,Cooper Elem Dual Language Academy,Cooper Elem Dual Language Academy,,,,
74,CORKERY,CORKERY,Corkery Elem School,Corkery Elem School,,,,
75,COURTENAY,COURTENAY,Courtenay Elem Language Arts Ctr,Courtenay Elem Language Arts Ctr,,,,
76,CROWN,CROWN COMM ACAD,Crown Elem Comm Acd Fine Arts Ctr,Crown Elem Comm Acd Fine Arts Ctr,,,,
77,CUFFE,CUFFE,Cuffe Math-Sci Tech Elem Academy,Cuffe Math-Sci Tech Elem Academy,,,,
78,CULLEN,CULLEN,Cullen Elem School,Cullen Elem School,,,,
79,CURTIS,CURTIS,Curtis Elem School,Curtis Elem School,,,,
80,DALEY,DALEY ACADEMY,Daley Elem Academy,Daley Elem Academy,,,,
81,DARWIN,DARWIN,Darwin Elem School,Darwin Elem School,,,,
82,"DAVIS, N",DAVIS,Davis N Elem School,"Davis, N Elem School",,,,
83,DAWES,DAWES,Dawes Elem School,Dawes Elem School,,,,
84,DE PRIEST,DE PRIEST,Depriest Elem School,DePriest Elem School,,,,
85,DENEEN,DENEEN,Deneen Elem School,Deneen Elem School,,,,
86,DETT,DETT,Dett Elem School,Dett Elem School,,,,
87,DEVER,DEVER,Dever Elem School,Dever Elem School,,,,
88,DEWEY,DEWEY,Dewey Elem Academy of Fine Arts,Dewey Elem Academy Of Fine Arts,,,,
89,DIEGO,DE DIEGO COMM ACAD,De Diego Elem Community Academy,De Diego Elem Community Academy,,,,
90,DIRKSEN,DIRKSEN,Dirksen Elem School,Dirksen Elem School,,,,
91,DIXON,DIXON,Dixon Elem School,Dixon Elem School,,,,
92,DOOLITTLE,DOOLITTLE,James R Doolittle Academy,Doolittle Elem School,,,,
93,DORE,DORE,Dore Elem School,Dore Elem School,,,,
94,DRAKE,DRAKE,Drake Elem School,Drake Elem School,,,,
95,DUBOIS,DUBOIS,Dubois Elem School,Dubois Elem School,,,,
96,DULLES,DULLES,Dulles Elem School,Dulles Elem School,,,,
97,DUNNE TECH ACAD,DUNNE,Dunne Technology Acad Elem Sch,"Dunne Elem Math, Sci & Tech Acad",,,,
98,DURKIN PARK,DURKIN PARK,Durkin Park Elem School,Durkin Park Elem School,,,,
99,DVORAK TECH ACAD,DVORAK ACAD,Dvorak Technology Acad Elem Sch,Dvorak Elem Specialty Academy,,,,
100,EARHART,EARHART,Earhart Elem Opt for Knowl School,Earhart Elem Opt For Knowl School,,,,
101,EARLE,EARLE,Earle Elem School,Earle Elem School,,,,
102,EBERHART,EBERHART,Eberhart Elem School,Eberhart Elem School,,,,
103,EBINGER,EBINGER,Ebinger Elem School,Ebinger Elem School,,,,
104,EDGEBROOK,EDGEBROOK,Edgebrook Elem School,Edgebrook Elem School,,,,
105,EDISON PARK,EDISON PARK,Edison Park Elem School,Edison Park Elem School,,,,
106,EDWARDS,EDWARDS,Edwards Elem School,Edwards Elem School,,,,
107,ELLINGTON,ELLINGTON,Ellington Elem School,Ellington Elem School,,,,
108,ESMOND,ESMOND,Esmond Elem School,Esmond Elem School,,,,
109,EVERETT,EVERETT,Everett Elem School,Everett Elem School,,,,
110,EVERS,EVERS,Evers Elem School,Evers Elem School,,,,
111,FAIRFIELD,FAIRFIELD ACADEMY,Fairfield Elem Academy,Fairfield Elem Academy,,,,
112,FALCONER,FALCONER,Falconer Elem School,Falconer Elem School,,,,
113,FARADAY,FARADAY,Faraday Elem School,Faraday Elem School,,,,
114,FARNSWORTH,FARNSWORTH,Farnsworth Elem School,Farnsworth Elem School,,,,
115,FERNWOOD,FERNWOOD,Fernwood Elem School,Fernwood Elem School,,,,
116,FINKL,FINKL,Finkl Elem School,Finkl Elem School,,,,
117,FISKE,FISKE,Fiske Elem School,Fiske Elem School,,,,
118,FORT DEARBORN,FORT DEARBORN,Fort Dearborn Elem School,Fort Dearborn Elem School,,,,
119,FOSTER PARK,FOSTER PARK,Foster Park Elem School,Foster Park Elem School,,,,
120,FULLER,FULLER,Fuller Elem School,Fuller Elem School,,,,
121,FULTON,FULTON,Fulton Elem School,Fulton Elem School,,,,
122,FUNSTON,FUNSTON,Funston Elem School,Funston Elem School,,,,
123,GALE,GALE COMM ACAD,Gale Elem Community Academy,Gale Elem Community Academy,,,,
124,GALLISTEL,GALLISTEL,Gallistel Elem Language Academy,Gallistel Elem Language Academy,,,,
125,GARVEY,GARVEY,Garvey M Elem School,"Garvey, M Elem School",,,,
126,GARVY,GARVY,Garvy J Elem School,"Garvy, J Elem School",,,,
127,GILLESPIE,GILLESPIE,Gillespie Elem School,Gillespie Elem School,,,,
128,GOETHE,GEOTHE,Goethe Elem School,Goethe Elem School,,,,
129,GOUDY,GOUDY,Goudy Technology Academy,Goudy Elem School,,,,
130,GRAHAM,GRAHAM,Graham A Elem School,"Graham, A Elem School",,,,
131,"GRAY, W",GRAY,Gray Elem School,Gray Elem School,,,,
132,GREELEY,GREELEY,Greeley Elem School,Greeley Elem School,,,,
133,GREEN,GREEN WENDELL,Green W Elem School,"Green, W Elem School",,,,
134,GREENE,GREENE,Greene N Elem School,"Greene, N Elem School",,,,
135,GREGORY,GREGORY,Gregory Math & Sci Elem Academy,Gregory Math & Sci Elem Academy,,,,
136,GRESHAM,GRESHAM,Gresham Elem School,Gresham Elem School,,,,
137,GRIMES,GRIMES,Grimes Elem School,Grimes Elem School,,,,
138,GRISSOM,GRISSOM,Grissom Elem School,Grissom Elem School,,,,
139,HAINES,HAINES,Haines Elem School,Haines Elem School,,,,
140,HALE,HALE,Hale Elem School,Hale Elem School,,,,
141,HALEY,HALEY,Haley Elem Academy,Haley Elem Academy,,,,
142,HAMILTON,HAMILTON,Hamilton Elem School,Hamilton Elem School,,,,
143,HAMLINE,HAMLINE,Hamline Elem School,Hamline Elem School,,,,
144,HAMMOND,HAMMOND,Hammond Elem School,Hammond Elem School,,,,
145,HAMPTON,HAMPTON,Hampton Elem Fine & Perf Arts Sch,Hampton Elem Fine & Perf Arts Sch,,,,
146,HANSON PARK,HANSON PARK,Hanson Park Elem School,Hanson Park Elem School,,,,
147,HARTE,HARTE,Bret Harte Elem School,Harte Elem School,,,,
148,HARVARD,HARVARD,Harvard Elem School,Harvard Elem School,,,,
149,HAUGAN,HAUGAN,Haugan Elem School,Haugan Elem School,,,,
150,HAY,HAY,Hay Elem Community Academy,Hay Elem Community Academy,,,,
151,HAYT,HAYT,Hayt Elem School,Hayt Elem School,,,,
152,HEALY,HEALY,Healy Elem School,Healy Elem School,,,,
153,HEARST,HEARST,Hearst Elem School,Hearst Elem School,,,,
154,HEDGES,HEDGES,Hedges Elem School,Hedges Elem School,,,,
155,HEFFERAN,HEFFERAN,Hefferan Elem School,Hefferan Elem School,,,,
156,HENDERSON,HENDERSON,Henderson Elem School,Henderson Elem School,,,,
157,HENDRICKS,HENDRICKS,Hendricks Elem Community Academy,Hendricks Elem Community Academy,,,,
158,HENRY,HENRY,Henry Elem School,Henry Elem School,,,,
159,HEROES,HEROES,Ninos Heroes Elem Academic Ctr,Ninos Heroes Elem Academic Ctr,,,,
160,HERZL,HERZL,Herzl Elem School,Herzl Elem School,,,,
161,HIBBARD,HIBBARD,Hibbard Elem School,Hibbard Elem School,,,,
162,HIGGINS,HIGGINS,Higgins Elem Community Academy,Higgins Elem Community Academy,,,,
163,HINTON,HINTON,,Hinton Elem School,,,,
164,HITCH,HITCH,Hitch Elem School,Hitch Elem School,,,,
165,HOLDEN,HOLDEN,Holden Elem School,Holden Elem School,,,,
166,HOLMES,HOLMES,Holmes Elem School,Holmes Elem School,,,,
167,HOWE,HOWE,Howe Elem School,Howe Elem School,,,,
168,HOYNE,HOYNE,Hoyne Elem School,Hoyne Elem School,,,,
169,"HUGHES, C",HUGHES C E,Hughes C Elem School,"Hughes, C Elem School",,,,
170,"HUGHES, L",HUGHES L,Hughes L Elem School,"Hughes, L Elem School",,,,
171,HURLEY,HURLEY,Hurley Elem School,Hurley Elem School,,,,
172,IRVING,IRVING,Irving Elem School,Irving Elem School,,,,
173,"JACKSON, M",JACKSON M,Jackson M Elem School,"Jackson, M Elem School",,,,
174,JAHN,JAHN,Jahn Elem School,Jahn Elem School,,,,
175,JAMIESON,JAMIESON,Jamieson Elem School,Jamieson Elem School,,,,
176,JENSEN,JENSEN,Jensen Elem Scholastic Academy,Jensen Elem Scholastic Academy,,,,
177,JOHNSON,JOHNSON,Johnson Elem School,Johnson Elem School,,,,
178,JOPLIN,JOPLIN,Joplin Elem School,Joplin Elem School,,,,
179,JORDAN,JORDAN,Jordan Elem Community School,Jordan Elem Community School,,,,
180,JUNGMAN,JUNGMAN,Jungman Elem School,Jungman Elem School,,,,
181,KANOON,KANOON,Kanoon Elem Magnet School,Kanoon Elem Magnet School,,,,
182,KELLOGG,KELLOGG,Kellogg Elem School,Kellogg Elem School,,,,
183,KILMER,KILMER,Kilmer Elem School,Kilmer Elem School,,,,
184,KINZIE,KINZIE SCHOOL,Kinzie Elem School,Kinzie Elem School,,,,
185,KIPLING,KIPLING,Kipling Elem School,Kipling Elem School,,,,
186,KOZMINSKI,KOZMINSKI,Kozminski Elem Community Academy,Kozminski Elem Community Academy,,,,
187,LANGFORD,LANGFORD,Langford A Elem School,Langford A Elem School,,,,
188,LARA,LARA,Lara Elem Academy,Lara Elem Academy,,,,
189,LAVIZZO,LAVIZZO,Lavizzo Elem School,Lavizzo Elem School,,,,
190,LAWNDALE,LAWNDALE,Lawndale Elem Community Academy,Lawndale Elem Community Academy,,,,
191,LEE,LEE,Lee Elem School,Lee Elem School,,,,
192,LELAND,LELAND,Leland Elem School,Leland Elem School,,,,
193,LEWIS,LEWIS,Lewis Elem School,Lewis Elem School,,,,
194,LIBBY,LIBBY,Libby Elem School,Libby Elem School,,,,
195,LINCOLN,LINCOLN,Lincoln Elem School,Lincoln Elem School,,,,
196,LITTLE VILLAGE,LITTLE VILLAGE,Little Village Elem School,Little Village Elem School,,,,
197,LLOYD,LLOYD,Lloyd Elem School,Lloyd Elem School,,,,
198,"LOCKE, J",LOCKE REGULAR,Locke J Elem School,"Locke, J Elem School",,,,
199,LOGANDALE,AVONDALE,Avondale - Logandale Elementary School,Logandale Middle School,,,,
200,LORCA,LORCA,Garcia Lorca Elem School,Garcia Lorca Elem School,,,,
201,LOVETT,LOVETT,Lovett Elem School,Lovett Elem School,,,,
202,LOWELL,LOWELL,Lowell Elem School,Lowell Elem School,,,,
203,LOZANO,LOZANO BILINGUAL,Lozano Elem Bilingual & Intl Ctr,Lozano Elem Bilingual & Intl Ctr,,,,
204,LYON,LYON,Lyon Elem School,Lyon Elem School,,,,
205,MADISON,MADISON,Madison Elem School,Madison Elem School,,,,
206,MANIERRE,MANIERRE,Manierre Elem School,Manierre Elem School,,,,
207,MANN,MANN,Mann Elem School,Mann Elem School,,,,
208,MARQUETTE,MARQUETTE,Marquette Elem School,Marquette Elem School,,,,
209,MARSH,MARSH,Marsh Elem School,Marsh Elem School,,,,
210,MASON,MASON,Mason Elem School,Mason Elem School,,,,
211,MAYER,MAYER,Mayer Elem School,Mayer Elem School,,,,
212,MAYS,MAYS,Mays Elem Academy,Mays Elem Academy,,,,
213,MCAULIFFE,MCAULIFFE,McAuliffe Elem School,McAuliffe Elem School,,,,
214,MCCLELLAN,MCCLELLAN,McClellan Elem School,McClellan Elem School,,,,
215,MCCORMICK,MCCORMICK,McCormick Elem School,McCormick Elem School,,,,
216,MCCUTCHEON,MCCUTCHEON,McCutcheon Elem School,McCutcheon Elem School,,,,
217,MCDOWELL,MCDOWELL,McDowell Elem School,McDowell Elem School,,,,
218,MCKAY,MCKAY,McKay Elem School,McKay Elem School,,,,
219,MCNAIR,MCNAIR,McNair Elem School,McNair Elem School,,,,
220,MCPHERSON,MCPHERSON,McPherson Elem School,McPherson Elem School,,,,
221,MELODY,MELODY,Melody Elem School,Melody Elem School,,,,
222,METCALFE,METCALFE,Metcalfe Elem Community Academy,Metcalfe Elem Community Academy,,,,
223,MIRELES,MIRELES,Mireles Elem Academy,Mireles Elem Academy,,,,
224,MITCHELL,MITCHELL,Mitchell Elem School,Mitchell Elem School,,,,
225,MOLLISON,MOLLISON,Mollison Elem School,Mollison Elem School,,,,
226,MONROE,MONROE,Monroe Elem School,Monroe Elem School,,,,
227,MOOS,MOOS,Moos Elem School,Moos Elem School,,,,
228,MORRILL,MORRILL,Morrill Elem Math & Sci School,Morrill Elem Math & Sci School,,,,
229,MORTON,MORTON,Morton Elem Career Academy,Morton Elem Career Academy,,,,
230,MOUNT GREENWOOD,MOUNT GREENWOOD,Mount Greenwood Elem School,Mount Greenwood Elem School,,,,
231,MOUNT VERNON,MOUNT VERNON,Mount Vernon Elem School,Mount Vernon Elem School,,,,
232,MOZART,MOZART,Mozart Elem School,Mozart Elem School,,,,
233,MURPHY,MURPHY,Murphy Elem School,Murphy Elem School,,,,
234,NASH,NASH,Nash Elem School,Nash Elem School,,,,
235,NATIONAL TEACHERS,NATIONAL TEACHERS ACADEM,National Teachers Elem Academy,National Teachers Elem Academy,,,,
236,NEIL,NEIL,Neil Elem School,Neil Elem School,,,,
237,NETTELHORST,NETTELHORST,Nettelhorst Elem School,Nettelhorst Elem School,,,,
238,NEW FIELD,NEW FIELD,New Field Elem School,New Field Elem School,,,,
239,NEW SULLIVAN,SULLIVAN SPECIALTY,Sullivan Elem School,Sullivan Elem School,,,,
240,NICHOLSON TECH ACAD,NICHOLSON,Nicholson Technology Acad Elem Sch,Nicholson Elem Math & Science,,,,
241,NIGHTINGALE,NIGHTINGALE,Nightingale Elem School,Nightingale Elem School,,,,
242,NIXON,NIXON,Nixon Elem School,Nixon Elem School,,,,
243,NOBEL,NOBEL,Nobel Elem School,Nobel Elem School,,,,
244,NORWOOD PARK,NORWOOD PARK,Norwood Park Elem School,Norwood Park Elem School,,,,
245,OGDEN,OGDEN,Ogden Elem School,Ogden Elem School,,,,
246,OGLESBY,OGLESBY,Oglesby Elem School,Oglesby Elem School,,,,
247,O'KEEFFE,OKEEFFE,OKeeffe Elem School,Okeeffe Elem School,,,,
248,ONAHAN,ONAHAN,Onahan Elem School,Onahan Elem School,,,,
249,ORIOLE PARK,ORIOLE PARK,Oriole Park Elem School,Oriole Park Elem School,,,,
250,ORTIZ DE DOMINGUEZ,ORTIZ DE DOMINGUEZ,Ortiz De Dominguez Elem School,Ortiz De Dominguez Elem School,,,,
251,OTIS,OTIS,Otis Elem School,Otis Elem School,,,,
252,O'TOOLE,O'TOOLE,OToole Elem School,Otoole Elem School,,,,
253,OWENS,OWENS,Owen Elem Scholastic Academy,Owen Elem Scholastic Academy,,,,
254,PALMER,PALMER,Palmer Elem School,Palmer Elem School,,,,
255,PARK MANOR,PARK MANOR,Park Manor Elem School,Park Manor Elem School,,,,
256,PARKER,PARKER,Parker Elem Community Academy,Parker Elem Community Academy,,,,
257,PARKSIDE,PARKSIDE COMM ACAD,Parkside Elem Community Academy,Parkside Elem Community Academy,,,,
258,PASTEUR,PASTEUR,Pasteur Elem School,Pasteur Elem School,,,,
259,PECK,PECK,Peck Elem School,Peck Elem School,,,,
260,PEIRCE,PEIRCE,Peirce Elem Intl Studies School,Peirce Elem Intl Studies School,,,,
261,PENN,PENN,Penn Elem School,Penn Elem School,,,,
262,PEREZ,PEREZ,Perez Elem School,Perez Elem School,,,,
263,PERSHING,PERSHING EAST,Pershing Elem Humanities Magnet,Pershing Elem Humanities Magnet,,,,
264,PETERSON,PETERSON,Peterson Elem School,Peterson Elem School,,,,
265,PICCOLO,PICCOLO,Piccolo Elem Specialty School,Piccolo Elem Specialty School,,,,
266,PICKARD,PICKARD,Pickard Elem School,Pickard Elem School,,,,
267,PILSEN,PILSEN,Pilsen Elem Community Academy,Pilsen Elem Community Academy,,,,
268,PIRIE,PIRIE,Pirie Elem Fine Arts & Academic C,Pirie Elem Fine Arts & Academic C,,,,
269,PLAMONDON,PLAMONDON,Plamondon Elem School,Plamondon Elem School,,,,
270,PORTAGE PARK,PORTAGE PARK,Portage Park Elem School,Portage Park Elem School,,,,
271,POWELL,POWELL,Powell Elem Paideia Comm Academy,Powell Elem Paideia Comm Academy,,,,
272,PRESCOTT,PRESCOTT,Prescott Elem School,Prescott Elem School,,,,
273,PRIETO,PRIETO,Prieto Math-Science Elem Sch,Prieto Math-Science Elem Sch,,,,
274,PRITZKER,PRITZKER,Pritzker Elem School,Pritzker Elem School,,,,
275,PRUSSING,PRUSSING,Prussing Elem School,Prussing Elem School,,,,
276,PULASKI,PULASKI COMM ACAD,Pulaski Intl Sch of Chicago,Pulaski Elem Fine Arts Academy,,,,
277,PULLMAN,PULLMAN G,Pullman Elem School,Pullman Elem School,,,,
278,RANDOLPH,RANDOLPH,Randolph Elem School,Randolph Elem School,,,,
279,RAVENSWOOD,RAVENSWOOD,Ravenswood Elem School,Ravenswood Elem School,,,,
280,RAY,RAY,Ray Elem School,Ray Elem School,,,,
281,REAVIS,REAVIS,Reavis Elem Math & Sci Spec Schl,Reavis Elem Math & Sci Spec Schl,,,,
282,REILLY,REILLY,Reilly Elem School,Reilly Elem School,,,,
283,REINBERG,REINBERG,Reinberg Elem School,Reinberg Elem School,,,,
284,REVERE,REVERE,Revere Elem School,Revere Elem School,,,,
285,ROBINSON,ROBINSON,Robinson Elem School,Robinson Elem School,,,,
286,ROGERS,ROGERS,Rogers Elem School,Rogers Elem School,,,,
287,RUGGLES,RUGGLES,Ruggles Elem School,Ruggles Elem School,,,,
288,RUIZ,RUIZ,Ruiz Elem School,Ruiz Elem School,,,,
289,RYDER,RYDER,Ryder Elem Math & Sci Spec School,Ryder Elem Math & Sci Spec School,,,,
290,SADLOWSKI,SADLOWSKI,,,,,,
291,SANDOVAL,SANDOVAL SCHOOL,Sandoval Elem School,Sandoval Elem School,,,,
292,SAUGANASH,SAUGANASH,Sauganash Elem School,Sauganash Elem School,,,,
293,SAWYER,SAWYER,Sawyer Elem School,Sawyer Elem School,,,,
294,SAYRE,SAYRE,Sayre Elem Language Academy,Sayre Elem Language Academy,,,,
295,SCAMMON,SCAMMON,Scammon Elem School,Scammon Elem School,,,,
296,SCHMID,SCHMID,Schmid Elem School,Schmid Elem School,,,,
297,SCHUBERT,SCHUBERT,Schubert Elem School,Schubert Elem School,,,,
298,SEWARD,SEWARD,Seward Elem Communication Arts Ac,Seward Elem Communication Arts Ac,,,,
299,SHERMAN,SHERMAN,Sherman Elem School,Sherman Elem School,,,,
300,SHERWOOD,SHERWOOD,Sherwood Elem School,Sherwood Elem School,,,,
301,SHIELDS,SHIELDS,Shields Elem School,Shields Elem School,,,,
302,SHOESMITH,SHOESMITH,Shoesmith Elem School,Shoesmith Elem School,,,,
303,SHOOP,SHOOP,Shoop Math-Sci Tech Elem Academy,Shoop Math-Sci Tech Elem Academy,,,,
304,SKINNER,SKINNER,Skinner Elem School,Skinner Elem School,,,,
305,SMITH,SMITH,Smith W Elem School,Smith W Elem School,,,,
306,SMYSER,SMYSER,Smyser Elem School,Smyser Elem School,,,,
307,SMYTH,SMYTH,Smyth J Elem School,"Smyth, J Elem School",,,,
308,SOLOMON,NEW SOLOMON,Solomon Elem School,Solomon Elem School,,,,
309,SOUTH LOOP,SOUTH LOOP,South Loop Elem School,South Loop Elem School,,,,
310,SPENCER TECH ACAD,SPENCER,Spencer Technology Acad Elem Sch,Spencer Elem Math & Sci Academy,,,,
311,SPRY,SPRY,Spry Elem Community School,Spry Elem Community School,,,,
312,STAGG,STAGG,Stagg Elem School,Stagg Elem School,,,,
313,STEVENSON,STEVENSON,Stevenson Elem School,Stevenson Elem School,,,,
314,STOWE,STOWE,Stowe Elem School,Stowe Elem School,,,,
315,SUMNER,SUMNER,Sumner Elem Math & Sci Comm Acad,Sumner Elem Math & Sci Comm Acad,,,,
316,SUTHERLAND,SUTHERLAND,Sutherland Elem School,Sutherland Elem School,,,,
317,SWIFT,SWIFT,Swift Elem Specialty School,Swift Elem Specialty School,,,,
318,TALCOTT,TALCOTT,Talcott Elem School,Talcott Elem School,,,,
319,TANNER,TANNER,Tanner Elem School,Tanner Elem School,,,,
320,TARKINGTON,TARKINGTON,Tarkington Elem School,Tarkington Elem School,,,,
321,TAYLOR,TAYLOR,Taylor Elem School,Taylor Elem School,,,,
322,TELPOCHCALLI,TELPOCHCALLI,Telpochcalli Elem School,Telpochcalli Elem School,,,,
323,"THORP, J",THORP J N,Thorp J N Elem School,Thorp J N Elem School,,,,
324,TILL,TILL,Till Elem Math & Science Academy,Till Elem Math & Science Academy,,,,
325,TILTON,TILTON,Tilton Elem School,Tilton Elem School,,,,
326,TONTI,TONTI,Tonti Elem School,Tonti Elem School,,,,
327,TWAIN,TWAIN,Twain Elem School,Twain Elem School,,,,
328,VOLTA,VOLTA,Volta Elem School,Volta Elem School,,,,
329,VON LINNE,LINNE,Linne Elem School,Linne Elem School,,,,
330,WACKER,WACKER,Wacker Elem School,Wacker Elem School,,,,
331,WADSWORTH,WADSWORTH,Wadsworth Elem School,Wadsworth Elem School,,,,
332,WALSH,WALSH,Walsh Elem School,Walsh Elem School,,,,
333,"WARD, J",WARD,Ward J Elem School,"Ward, J Elem School",,,,
334,"WARD, L",WARD LAURA,Ward L Elem School,"Ward, L Elem School",,,,
335,WARREN,WARREN,Warren Elem School,Warren Elem School,,,,
336,"WASHINGTON, G",WASHINGTON G,Washington G Elem School,"Washington, G Elem School",,,,
337,"WASHINGTON, H",WASHINGTON H,Washington H Elem School,"Washington, H Elem School",,,,
338,WATERS,WATERS,Waters Elem School,Waters Elem School,,,,
339,WEBSTER,WEBSTER,Webster Elem School,Webster Elem School,,,,
340,"WELLS, I","WELLS, I",Wells Preparatory Elem Academy,Wells Preparatory Elem Academy,,,,
341,WENTWORTH,WENTWORTH,Wentworth Elem School,Wentworth Elem School,,,,
342,WEST PARK,WEST PARK,West Park Elem Academy,West Park Elem Academy,,,,
343,WEST RIDGE,WEST RIDGE,West Ridge Elem School,West Ridge Elem School,,,,
344,WESTCOTT,WESTCOTT,Westcott Elem School,Westcott Elem School,,,,
345,WHISTLER,WHISTLER,Whistler Elem School,Whistler Elem School,,,,
346,WHITE,WHITE,White Elem Career Academy,White Elem Career Academy,,,,
347,WHITNEY,WHITNEY,Whitney Elem School,Whitney Elem School,,,,
348,WHITTIER,WHITTIER,Whittier Elem School,Whittier Elem School,,,,
349,WILDWOOD,WILDWOOD,Wildwood Elem School,Wildwood Elem School,,,,
350,WOODSON,WOODSON SOUTH,Woodson South Elem School,Woodson South Elem School,,,,
351,YATES,YATES,Yates Elem School,Yates Elem School,,,,
352,YOUNG,YOUNG,Young Elem School,Young Elem School,,,,
353,ZAPATA,ZAPATA,Zapata Elem Academy,Zapata Elem Academy,,,,
354,JENNER,JENNER,Jenner Elem Academy Of The Arts,Jenner Elem Academy Of The Arts,,,,
355,STEWART,STEWART,Stewart Elem School,Stewart Elem School,,,,
356,VON HUMBOLDT,VON HUMBOLDT,Von Humboldt Elem School,Von Humboldt Elem School,,,,
357,YALE,YALE,Yale Elem School,Yale Elem School,,,,
358,HENSON,HENSON,Henson Elem School,Henson Elem School,,,,
359,MARCONI,MARCONI,Marconi Elem Community Academy,Marconi Elem Community Academy,,,,
360,CALHOUN NORTH,CALHOUN NORTH,Calhoun North Elem School,Calhoun North Elem School,,,,
361,LATHROP,LATHROP,Lathrop Elem School,Lathrop Elem School,,,,
362,MCCORKLE,MCCORKLE,McCorkle Elem School,McCorkle Elem School,,,,
363,DUMAS,DUMAS,Dumas Elem School,Dumas Elem School,,,,
364,REED,REED,Reed Elem School,Reed Elem School,,,,
365,PADEREWSKI,PADEREWSKI,Paderewski Elem Learning Academy,Paderewski Elem Learning Academy,,,,
366,OVERTON,OVERTON,Overton Elem School,Overton Elem School,,,,
367,GUGGENHEIM,GUGGENHEIM,Guggenheim Elem School,Guggenheim Elem School,,,,
368,STOCKTON,STOCKTON,Stockton Elem School,Stockton Elem School,,,,
369,TRUMBULL,TRUMBULL,Trumbull Elem School,Trumbull Elem School,,,,
370,HERBERT,HERBERT,Herbert Elem School,Herbert Elem School,,,,
371,WOODS ACADEMY,WOODS ACADEMY,Woods Elem Math & Science Academy,Woods Elem Math & Science Academy,,,,
372,CARPENTER,CARPENTER,Carpenter Elem School,Carpenter Elem School,,,,
373,COPERNICUS,COPERNICUS,Copernicus Elem School,Copernicus Elem School,,,,
374,DELANO,DELANO,Delano Elem School,Delano Elem School,,,,
375,EMMET,EMMET,Emmet Elem School,Emmet Elem School,,,,
376,FERMI,FERMI,Fermi Elem School,Fermi Elem School,,,,
377,GOODLOW MAGNET,GOODLOW MAGNET,Goodlow Elem Magnet School,Goodlow Elem Magnet School,,,,
378,KEY,KEY,Key Elem School,Key Elem School,,,,
379,KING,KING,King Elem School,King Elem School,,,,
380,KOHN,KOHN,Kohn Elem School,Kohn Elem School,,,,
381,LAFAYETTE,LAFAYETTE,Lafayette Elem School,Lafayette Elem School,,,,
382,LAWRENCE,LAWRENCE,Lawrence Elem School,Lawrence Elem School,,,,
383,MAY,MAY,May Elem Community Academy,May Elem Community Academy,,,,
384,MAYO,MAYO,Mayo Elem School,Mayo Elem School,,,,
385,MEDILL,MEDILL,Medill Elem School,Medill Elem School,,,,
386,MORGAN,MORGAN,Morgan Elem School,Morgan Elem School,,,,
387,ROSS,ROSS,Ross Elem School,Ross Elem School,,,,
388,PARKMAN,PARKMAN,Parkman Elem School,Parkman Elem School,,,,
389,PEABODY,PEABODY,Peabody Elem School,Peabody Elem School,,,,
390,BONTEMPS,BONTEMPS,Bontemps Elem School,Bontemps Elem School,,,,
391,POPE,POPE,Pope Elem School,Pope Elem School,,,,
392,WEST PULLMAN,WEST PULLMAN,West Pullman Elem School,West Pullman Elem School,,,,
393,SCHILLER,SCHILLER,Schiller Elem School,Schiller Elem School,,,,
394,SCHNEIDER,SCHNEIDER,Schneider Elem School,Schneider Elem School,,,,
395,RYERSON,RYERSON,Ryerson Elem School,Ryerson Elem School,,,,
396,SEXTON A O,SEXTON A O,Sexton Elem School,Sexton Elem School,,,,
397,SONGHAI,SONGHAI,Songhai Elem Learning Institute,Songhai Elem Learning Institute,,,,
398,ABBOTT,ABBOTT,Abbott Elem School,Abbott Elem School,,,,
399,ALTGELD,ALTGELD,Altgeld Elem School,Altgeld Elem School,,,,
400,ATTUCKS,ATTUCKS,Attucks Elem School,Attucks Elem School,,,,
401,NEW BROWN,NEW BROWN,"Brown, W Elem School","Brown, W Elem School",,,,
402,GOLDBLATT,GOLDBLATT,Goldblatt Elem School,,,,,
403,CLAREMONT ACADEMY,CLAREMONT ACADEMY,Claremont Academy Elem School,Claremont Academy Elem School,,,,
404,BETHUNE,BETHUNE,Bethune Elem School,Bethune Elem School,,,,
405,BANNEKER,BANNEKER,Banneker Elem School,Banneker Elem School,,,,